[
        {
            "id": "1",
            "name": "Impact Wrench",
            "img": "./images/impactWench.png",
            "qty": 0,
            "inventory": 100,
            "price": "189.00",
            "discription": "Used driving in Bolts"
        },
        {
            "id": "2",
            "name": "Sawzaw",
            "img": "./images/Sawzall1.png",
            "qty": 0,
            "inventory": 100,
            "price": "79.00",
            "discription": "Used to cut through any wood or metal"
        },
        {
            "id": "3",
            "name": "Impact Driver",
            "img": "./images/impactDriver.png",
            "qty": 0,
            "inventory": 100,
            "price": "79.00",
            "discription": "Used for driving in screws and small bolts"
        },
        {
            "id": "4",
            "name": "Circular Saw",
            "img": "./images/cicularSaw.png",
            "qty": 0,
            "inventory": 100,
            "price": "129.00",
            "discription": "Used for cutting wood sheets"
        },
        {
            "id": "5",
            "name": "Miter Saw",
            "img": "./images/miterSaw.png",
            "qty": 0,
            "inventory": 100,
            "price": "249.00",
            "discription": "Used for cut wood boards. Can cut at angles."
        },{
            "id": "6",
            "name": "Welder",
            "img": "./images/welder.png",
            "qty": 0,
            "inventory": 100,
            "price": "649.00",
            "discription": "Used to melt 2 peices of metals together."
        },{
            "id": "7",
            "name": "Table Saw",
            "img": "./images/tableSaw.png",
            "qty": 0,
            "inventory": 100,
            "price": "149.00",
            "discription": "Used for cutting stright lines in sheets of wood"
        },{
            "id": "8",
            "name": "Orbital Sander",
            "img": "./images/sander.png",
            "qty": 0,
            "inventory": 100,
            "price": "54.00",
            "discription": "Used to smooth out wood"
        },{
            "id": "9",
            "name": "Drill",
            "img": "./images/drill.png",
            "qty": 0,
            "inventory": 100,
            "price": "79.00",
            "discription": "Used for making holes and driving in screw"
        },{
            "id": "10",
            "name": "Angle Grinder",
            "img": "./images/angleGrinder.png",
            "qty": 0,
            "inventory": 100,
            "price": "59.00",
            "discription": "Used to cut through metal"
        },{
            "id": "11",
            "name": "Band Saw",
            "img": "./images/bandSaw.png",
            "qty": 0,
            "inventory": 100,
            "price": "189.00",
            "discription": "tool designed for making precise and intricate cuts in a variety of materials."
        },
        {
            "id":  "12",
            "name": "Hammer",
            "img": "./images/Hammer.png",
            "qty": 0,
            "inventory": 100,
            "price": "9.98",
            "discription": "Used for striking nails or metals etc."
        },
        {
            "id":  "13",
            "name": "Stright Blade Screw Driver",
            "img": "./images/flathead.png",
            "qty": 0,
            "inventory": 100,
            "price": "5.48",
            "discription": "Used for driving in flathead screws"
        },
        {
            "id":  "14",
            "name": "Phlips head Screw Driver",
            "img": "./images/philips.png",
            "qty": 0,
            "inventory": 100,
            "price": "5.48",
            "discription": "Used for driving in philps head screws"
        },
        {
            "id":  "15",
            "name": "Hand Saw",
            "img": "./images/handsaw.png",
            "qty": 0,
            "inventory": 100,
            "price": "14.98",
            "discription": "Used for cutting many things including wood, plastic, and much more"
        },
        {
            "id":  "16",
            "name": "Wrench Set",
            "img": "./images/wrenchset.png",
            "qty": 0,
            "inventory": 100,
            "price": "44.98",
            "discription": "Used for tightening bolts in many sizes"
        },
        {
            "id":  "17",
            "name": "Socket Set",
            "img": "./images/socketset.png",
            "qty": 0,
            "inventory": 100,
            "price": "139.00",
            "discription": "Used for tighening bolts in many sizes and shapes, but in a quicker fashion"
        },
        {
            "id":  "18",
            "name": "Measuring Tape",
            "img": "./images/measuringtape.png",
            "qty": 0,
            "inventory": 100,
            "price": "16.98",
            "discription": "Used for measuring the distance of something. Useful for measurments for cutting, shaping, etc."
        },
        {
            "id":  "19",
            "name": "Axe",
            "img": "./images/axe.png",
            "qty": 0,
            "inventory": 100,
            "price": "39.98",
            "discription": "Used for cutting things with blunt force"
        },
        {
            "id":  "20",
            "name": "Wire strippers",
            "img": "./images/wirestrippercutter.png",
            "qty": 0,
            "inventory": 100,
            "price": "16.98",
            "discription": "Used for stripping and cutting wire"
        },  
        {
            "id":  "21",
            "name": "Pliers",
            "img": "./images/pliers.png",
            "qty": 0,
            "inventory": 100,
            "price": "12.98",
            "discription": "Used for pulling nails, staples, screws out of things; including wires. Also useful for anything you need to get a grip on."
        },
        {
            "id":  "22",
            "name": "Leveler",
            "img": "./images/leveler.png",
            "qty": 0,
            "inventory": 100,
            "price": "20.98",
            "discription": "Used for telling if a surface is level or not"
        },
        {
            "id":  "23",
            "name": "Pry bar",
            "img": "./images/prybar.png",
            "qty": 0,
            "inventory": 100,
            "price": "14.98",
            "discription": "Used for prying something open or out of something. It is also used for holding something open"
        },
        {
            "id":  "24",
            "name": "Staple Gun",
            "img": "./images/staplegun.png",
            "qty": 0,
            "inventory": 100,
            "price": "19.98",
            "discription": "Used for stapling things. You also need staples for this to be useful"
        },
        {
            "id":  "25",
            "name": "Chisel",
            "img": "./images/chisel.png",
            "qty": 0,
            "inventory": 100,
            "price": "14.98",
            "discription": "Used for scraping and cutting wood, metal, or stone."
        },
        {
            "id":  "26",
            "name": "Mallet",
            "img": "./images/mallet.png",
            "qty": 0,
            "inventory": 100,
            "price": "18.98",
            "discription": "Used for driving dowels or chisels. Softer type of hammer with more surface area"
        },
        {
            "id":  "27",
            "name": "Utility Knife",
            "img": "./images/utilityknife.png",
            "qty": 0,
            "inventory": 100,
            "price": "5.98",
            "discription": "Used for cutting things including plastic, banding, and anything you may need to cut with a knife. Comes with multiple blades"
        },
        {
            "id":  "28",
            "name": "Sandpaper",
            "img": "./images/sandpaper.png",
            "qty": 0,
            "inventory": 100,
            "price": "6.98",
            "discription": "Used for metal or wood to soften edges, corners, and rough spots on the material"
        },
        {
            "id":  "29",
            "name": "Adjustable Wrench",
            "img": "./images/adjustablewrench.png",
            "qty": 0,
            "inventory": 100,
            "price": "10.98",
            "discription": "Used for tightening bolts of many sizes. Can adjust to many different sizes to tighten or loosen different sized bolts/knuts"
        },
        {
            "id":  "30",
            "name": " C-Clamp",
            "img": "./images/cclamp.png",
            "qty": 0,
            "inventory": 100,
            "price": "37.98",
            "discription": "Used for holding something in place to do other work on it. This includes any material you may need to hold in place."
        },
        {
            "id":  "31",
            "name": "Needle Nose Pliers",
            "img": "./images/needlenosepliers.png",
            "qty": 0,
            "inventory": 100,
            "price": "8.98",
            "discription": "Used for reaching into tight areas to grasp something. Also used for cutting and twisting wire. Also can be used for pulling staples"
        },
        {
            "id": "33",
            "name": "Paint Brush",
            "img": "./images/paintbrush.png",
            "qty": 0,
            "inventory": 100,
            "price": "8.00",
            "discription": "Used for painting any object to another color or coat."
        },
        {
            "id": "34",
            "name": "Shovel",
            "img": "./images/shovel.png",
            "qty": 0,
            "inventory": 100,
            "price": "8.00",
            "discription": "Used for scooping dirt, snow, rocks, or anything you need to pick up."
        }
]
